{
    "loss": 11.568305015563965,
    "accuracy": 0.5467625856399536
}