{
    "loss": 6.785458087921143,
    "accuracy": 0.5035971403121948
}