{
    "loss": 8.57872200012207,
    "accuracy": 0.5035971403121948
}