{
    "loss": 28.392566680908203,
    "accuracy": 0.48201438784599304
}