{
    "loss": 12.655853271484375,
    "accuracy": 0.5467625856399536
}