{
    "loss": 12.655596733093262,
    "accuracy": 0.5467625856399536
}